"","average","sd","ratio","ava","avb","cumsum","p"
"d__Bacteria.k__.p__Bacteroidota.c__Bacteroidia.o__Cytophagales.f__Cyclobacteriaceae",0.133299745439118,0.110786581806054,1.20321200696015,131.25,1388,0.201434524763584,0.001
"d__Bacteria.k__.p__Proteobacteria.c__Gammaproteobacteria.o__Vibrionales.f__Vibrionaceae",0.116657827747136,0.123030065793376,0.948205847041146,1592.75,755.6,0.377720788587915,0.392
"d__Bacteria.k__.p__Cyanobacteria.c__Cyanobacteriia.o__Cyanobacteriales.f__Xenococcaceae",0.0888735680950361,0.0697668123600863,1.2738659699161,124,925.8,0.512021157236737,0.007
"d__Bacteria.k__.p__Actinobacteriota.c__Rubrobacteria.o__Rubrobacterales.f__Rubrobacteriaceae",0.0578648705982181,0.0363625313489036,1.59133229870596,680.25,339.6,0.599463054976759,0.001
"d__Bacteria.k__.p__Planctomycetota.c__Planctomycetes.o__Pirellulales.f__Pirellulaceae",0.0305313958421723,0.010118985547952,3.01723880298965,407.25,119.4,0.645600256451354,0.001
"d__Bacteria.k__.p__Proteobacteria.c__Alphaproteobacteria.o__Rhodobacterales.f__Rhodobacteraceae",0.0265750954603309,0.0271220135451966,0.97983490112361,305.75,85.2,0.685758935726879,0.502
"d__Bacteria.k__.p__Proteobacteria.c__Alphaproteobacteria.o__Rhizobiales.f__Rhizobiaceae",0.0228574459058125,0.0142027096371283,1.60937218951934,250.5,46,0.720299727520436,0.004
"d__Bacteria.k__.p__Verrucomicrobiota.c__Verrucomicrobiae.o__Verrucomicrobiales.f__Rubritaleaceae",0.0204338141705558,0.0195661572754864,1.04434477771251,130.25,181.6,0.7511780734092,0.004
"d__Bacteria.k__.p__Bacteroidota.c__Bacteroidia.o__Chitinophagales.f__Saprospiraceae",0.0184874840899448,0.0164934139713213,1.12090099248651,21,190.6,0.779115242827376,0.011
"d__Bacteria.k__.p__Planctomycetota.c__Planctomycetes.o__Planctomycetales.f__uncultured",0.0123674162070429,0.00661434821242928,1.86978607866498,148,31.4,0.797804135278089,0.004
"d__Bacteria.k__.p__Deinococcota.c__Deinococci.o__Deinococcales.f__Trueperaceae",0.0121234620280017,0.0101779625212708,1.19114822860322,39,135.4,0.816124378906876,0.006
"d__Bacteria.k__.p__Proteobacteria.c__Alphaproteobacteria.o__Alphaproteobacteria_Incertae_Sedis.f__Unknown_Family",0.0109142978362325,0.0136259000863393,0.800996467541596,103,0.2,0.832617406635679,0.004
"d__Bacteria.k__.p__Proteobacteria.c__Alphaproteobacteria.o__Sphingomonadales.f__Sphingomonadaceae",0.00827322868052609,0.00718533343417876,1.15140497741865,76.5,61,0.845119410161885,0.03
"d__Bacteria.k__.p__Bacteroidota.c__Bacteroidia.o__Flavobacteriales.f__Flavobacteriaceae",0.00800275774289351,0.00669541093393951,1.1952601299387,83.25,24.4,0.857212694342042,0.516
"d__Bacteria.k__.p__Proteobacteria.c__Alphaproteobacteria.o__Parvibaculales.f__PS1_clade",0.00795502757742893,0.0137365700224136,0.579113094786319,75,0.4,0.869233851578779,0.002
"d__Bacteria.k__.p__Proteobacteria.c__Alphaproteobacteria.o__Rhizobiales.__",0.00724437844717862,0.00765913155621919,0.9458485461444,78.5,23.4,0.880181118769033,0.27
"d__Bacteria.k__.__.__.__.__",0.00583368689011455,0.00770536940815262,0.757093733097632,0,55,0.888996634075974,0.179
"d__Bacteria.k__.p__Bacteroidota.c__Rhodothermia.o__Rhodothermales.f__Rhodothermaceae",0.00486847687738651,0.00460537717276795,1.057128807207,4.5,49,0.896353582304857,0.006
"d__Bacteria.k__.p__Proteobacteria.c__Alphaproteobacteria.o__Rhodospirillales.f__Rhodospirillaceae",0.00483665676707679,0.0038670126472034,1.25074759467741,46,0.4,0.903662445904792,0.08
"d__Bacteria.k__.p__Planctomycetota.c__Planctomycetes.o__Planctomycetales.__",0.00424268137462877,0.00179507622283659,2.36351042961532,25.5,51,0.910073729764385,0.336
"d__Bacteria.k__.p__Proteobacteria.c__Alphaproteobacteria.__.__",0.00423207467119219,0.00535356838463483,0.790514730948162,41,11,0.916468985414329,0.353
"d__Bacteria.k__.p__Cyanobacteria.c__Cyanobacteriia.o__Cyanobacteriales.f__Phormidiaceae",0.00363279592702588,0.00645564777150475,0.562731433871138,34.25,0,0.921958647219106,0.368
"d__Bacteria.k__.p__Proteobacteria.c__Gammaproteobacteria.__.__",0.00329338141705558,0.00424958058944249,0.774989754338945,26.25,9.6,0.926935406315115,0.274
"d__Bacteria.k__.p__Proteobacteria.c__Gammaproteobacteria.o__HOC36.f__",0.00281077641069156,0.00418627227982106,0.671427041246276,27,1,0.931182881872095,0.306
"d__Bacteria.k__.p__Firmicutes.c__Bacilli.o__Mycoplasmatales.f__Mycoplasmataceae",0.00257212558336869,0.000482851860415956,5.32694557944318,24.25,0,0.935069722711973,1
"d__Bacteria.k__.p__Proteobacteria.c__Alphaproteobacteria.o__Caulobacterales.f__Hyphomonadaceae",0.0024554518455664,0.00176422521765865,1.39180180681529,0.25,23.4,0.938780253245713,0.011
"d__Bacteria.k__.p__Chloroflexi.c__Anaerolineae.o__Caldilineales.f__Caldilineaceae",0.00224862112855325,0.0020438936315533,1.10016543612612,1.5,22.2,0.942178233691297,0.12
"d__Bacteria.k__.p__Bacteroidota.c__Bacteroidia.o__Cytophagales.f__Flammeovirgaceae",0.00218498090793381,0.00368688253419814,0.59263643136627,0,20.6,0.945480044878987,0.366
"d__Bacteria.k__.p__Cyanobacteria.c__Cyanobacteriia.o__Cyanobacteriales.f__Microcystaceae",0.00212134068731438,0.00376972132642613,0.562731433871138,20,0,0.948685686808784,0.018
"d__Bacteria.k__.p__Cyanobacteria.c__Cyanobacteriia.o__Synechococcales.f__Cyanobiaceae",0.00208952057700467,0.00179873389770591,1.16166186653269,9.5,18.8,0.951843244109633,0.538
"d__Bacteria.k__.p__Myxococcota.c__Polyangia.o__Polyangiales.f__Sandaracinaceae",0.00183495969452694,0.00315042492483222,0.582448316753545,17,0.6,0.954616124378907,0.071
"d__Bacteria.k__.p__Planctomycetota.c__Planctomycetes.o__Gemmatales.f__Gemmataceae",0.00156979210861264,0.0016065972643156,0.977091237162888,15,1,0.956988299406956,0.02
"d__Bacteria.k__.p__Proteobacteria.c__Alphaproteobacteria.o__uncultured.f__",0.00148493848112007,0.00107398471854663,1.38264395710356,9.5,16.4,0.959232248757814,0.284
"d__Bacteria.k__.p__Firmicutes.c__Bacilli.o__Bacillales.f__Bacillaceae",0.00139478150190921,0.00137834530541354,1.01192458553826,12.75,6,0.961339958326655,0.547
"d__Bacteria.k__.p__Planctomycetota.c__Planctomycetes.o__Planctomycetales.f__Rubinisphaeraceae",0.00114022061943148,0.00158704633584913,0.718454523775084,10.75,1.2,0.963062990863921,0.248
"d__Bacteria.k__.p__Chloroflexi.c__Chloroflexia.o__Thermomicrobiales.f__JG30.KF.CM45",0.00111370386084005,0.00116572194059988,0.955376940290698,10.5,0,0.964745952877064,0.001
"d__Bacteria.k__.p__Firmicutes.c__Clostridia.o__Peptostreptococcales.Tissierellales.f__Peptostreptococcaceae",0.00111370386084005,0.00173690361812883,0.641200725944625,10.5,0,0.966428914890207,0.035
"d__Bacteria.k__.p__WPS.2.c__.o__.f__",0.00109779380568519,0.000762747785926945,1.43926187127646,10.75,0.8,0.968087834588876,0.074
"d__Bacteria.k__.p__Planctomycetota.c__Phycisphaerae.o__Tepidisphaerales.f__",0.00106067034365719,0.00107948390820372,0.982571704493644,1,10.4,0.969690655553775,0.071
"d__Bacteria.k__.p__Actinobacteriota.c__Actinobacteria.o__Corynebacteriales.f__Mycobacteriaceae",0.00106067034365719,0.00150316899307663,0.705622819884179,10,0.4,0.971293476518673,0.001
"d__Bacteria.k__.p__Bdellovibrionota.c__Bdellovibrionia.o__Bacteriovoracales.f__Bacteriovoracaceae",0.000864446330080611,0.000861881607626086,1.00297572477685,0.25,8.2,0.972599775605065,0.001
"d__Bacteria.k__.p__Planctomycetota.c__Planctomycetes.o__Isosphaerales.f__Isosphaeraceae",0.000768985999151464,0.00136652398082947,0.562731433871138,7.25,0,0.973761820804616,0.001
"d__Bacteria.k__.p__Bdellovibrionota.c__Oligoflexia.o__Oligoflexales.f__uncultured",0.000715952481968604,0.000581844203768569,1.23048829451497,1.25,7,0.974843724955922,0.006
"d__Bacteria.k__.p__Firmicutes.c__Clostridia.o__Clostridiales.f__Clostridiaceae",0.000700042426813746,0.000813188687307792,0.860861000331132,7,0.6,0.975901586792755,0.434
"d__Bacteria.k__.p__Cyanobacteria.c__Cyanobacteriia.o__Cyanobacteriales.__",0.000657615613067459,0.000649844268537984,1.01195877982729,6.5,1.2,0.976895335790992,0.024
"d__Bacteria.k__.p__Proteobacteria.c__Alphaproteobacteria.o__Caulobacterales.f__Parvularculaceae",0.000657615613067459,0.000893140252369652,0.736296019939414,0,6.2,0.977889084789229,0.295
"d__Bacteria.k__.p__Firmicutes.__.__.__",0.000652312261349173,0.000736684795566902,0.885469966632334,0.75,6,0.978874819682641,0.893
"d__Bacteria.k__.p__Actinobacteriota.c__Actinobacteria.o__Euzebyales.f__Euzebyaceae",0.000631098854476029,0.000583470179737521,1.08163000679818,5.75,2.6,0.979828498156756,0.086
"d__Bacteria.k__.p__Proteobacteria.c__Gammaproteobacteria.o__Granulosicoccales.f__Granulosicoccaceae",0.000620492151039457,0.000456892453828051,1.35807047334815,1.75,6.4,0.980766148421221,0.025
"d__Bacteria.k__.p__Proteobacteria.c__Gammaproteobacteria.o__Cellvibrionales.f__Spongiibacteraceae",0.000615188799321171,0.00126234078109756,0.487339717240448,0,5.8,0.981695784580862,0.145
"d__Bacteria.k__.p__Spirochaetota.c__Spirochaetia.o__Spirochaetales.f__Spirochaetaceae",0.00055154857870174,0.000597632617212828,0.922889017125588,0,5.2,0.982529251482609,1
"d__Bacteria.k__.p__Proteobacteria.c__Alphaproteobacteria.o__Rhizobiales.f__Xanthobacteraceae",0.000530335171828596,0.000625137560197817,0.848349556313298,5,0,0.983330661965059,0.001
"d__Bacteria.k__.p__Verrucomicrobiota.c__Chlamydiae.o__Chlamydiales.f__Parachlamydiaceae",0.000450784896054306,0.000801065781865552,0.562731433871138,4.25,0,0.98401186087514,0.022
"d__Bacteria.k__.p__Proteobacteria.c__Alphaproteobacteria.o__Micavibrionales.f__Micavibrionaceae",0.00044548154433602,0.000394772205673181,1.12845215021247,1,4.4,0.984685045680397,0.001
"d__Bacteria.k__.p__Actinobacteriota.c__Acidimicrobiia.o__Microtrichales.f__Ilumatobacteraceae",0.000424268137462877,0.000230847343055795,1.83787316694536,5,2,0.985326174066357,0.15
"d__Bacteria.k__.p__Verrucomicrobiota.c__Verrucomicrobiae.o__Verrucomicrobiales.f__DEV007",0.000424268137462877,0.000344126900998648,1.2328828005938,1,4.4,0.985967302452316,0.535
"d__Bacteria.k__.p__Planctomycetota.c__Phycisphaerae.o__Phycisphaerales.f__Phycisphaeraceae",0.000418964785744591,0.00050631698629354,0.827475271591409,2.25,2.8,0.986600416733451,0.031
"d__Bacteria.k__.p__Proteobacteria.c__Gammaproteobacteria.o__Cellvibrionales.f__Microbulbiferaceae",0.000371234620280017,0.000659701232124573,0.562731433871138,3.5,0,0.987161404071165,0.191
"d__Bacteria.k__.p__Proteobacteria.c__Alphaproteobacteria.o__Rhizobiales.f__Hyphomicrobiaceae",0.000371234620280017,0.00048970116508095,0.758084004596253,3.5,0,0.98772239140888,0.274
"d__Bacteria.k__.p__Planctomycetota.__.__.__",0.000365931268561731,0.000577349158831533,0.63381276817363,3.25,0.4,0.988275364641769,0.004
"d__Bacteria.k__.p__Proteobacteria.c__Gammaproteobacteria.o__Cellvibrionales.f__Cellvibrionaceae",0.000365931268561731,0.000438643700119207,0.834233498537161,1.25,3,0.988828337874659,0.787
"d__Bacteria.k__.p__Bacteroidota.c__Bacteroidia.o__Flavobacteriales.f__Cryomorphaceae",0.000360627916843445,0.000582378227537768,0.619233171487438,0,3.4,0.989373297002725,0.12
"d__Bacteria.k__.p__Proteobacteria.c__Alphaproteobacteria.o__Rickettsiales.f__Rickettsiaceae",0.000350021213406873,0.000525399627162853,0.666199965342534,3,0.6,0.989902227921141,0.538
"d__Bacteria.k__.p__Actinobacteriota.c__Actinobacteria.o__Nitriliruptorales.f__Nitriliruptoraceae",0.000344717861688587,0.000326240651110267,1.05663675116954,1.75,3,0.990423144734733,0.005
"d__Bacteria.k__.p__Proteobacteria.c__Alphaproteobacteria.o__Rhizobiales.f__Stappiaceae",0.000323504454815443,0.00046992541260512,0.688416600034536,2.75,0.6,0.990912005129027,0.345
"d__Bacteria.k__.p__Proteobacteria.c__Alphaproteobacteria.o__Rhizobiales.f__Beijerinckiaceae",0.000318201103097157,0.000565458198963919,0.562731433871138,3,0,0.991392851418497,0.131
"d__Bacteria.k__.p__Cyanobacteria.c__Cyanobacteriia.o__Thermosynechococcales.f__Thermosynechococcaceae",0.000318201103097157,0.000565458198963919,0.562731433871138,3,0,0.991873697707966,0.088
"d__Bacteria.k__.p__Proteobacteria.c__Gammaproteobacteria.o__Oceanospirillales.f__Endozoicomonadaceae",0.000286380992787442,0.000197985151566977,1.44647712477853,2.5,2.8,0.992306459368489,1
"d__Bacteria.k__.p__SAR324_clade.Marine_group_B..c__.o__.f__",0.00027577428935087,0.000312379287035054,0.882818742460102,0,2.6,0.992723192819362,0.483
"d__Bacteria.k__.p__Proteobacteria.c__Alphaproteobacteria.o__Tistrellales.f__Geminicoccaceae",0.000238650827322868,0.000424093649222939,0.562731433871138,2.25,0,0.993083827536464,0.666
"d__Bacteria.k__.p__Proteobacteria.c__Alphaproteobacteria.o__Rickettsiales.f__AB1",0.000233347475604582,0.000426495282095914,0.547127917706027,0,2.2,0.993436448148742,0.078
"d__Bacteria.k__.p__Proteobacteria.c__Gammaproteobacteria.o__Pseudomonadales.f__Pseudomonadaceae",0.000228044123886296,0.000284347541671824,0.80199084031291,1.75,0.8,0.993781054656195,0.372
"d__Bacteria.k__.p__Proteobacteria.c__Gammaproteobacteria.o__Burkholderiales.f__Burkholderiaceae",0.000228044123886296,0.000154952666770087,1.47170183411338,2.25,2,0.994125661163648,0.478
"d__Bacteria.k__.p__Cyanobacteria.c__Vampirivibrionia.o__Vampirovibrionales.f__",0.00022274077216801,0.000211854761080707,1.05138431174155,1.5,1.2,0.994462253566277,0.002
"d__Bacteria.k__.p__Cyanobacteria.c__Cyanobacteriia.o__Phormidesmiales.f__Phormidesmiaceae",0.000212134068731438,0.0004352899245164,0.487339717240448,0,2,0.994782817759256,0.909
"d__Bacteria.k__.p__Proteobacteria.c__Alphaproteobacteria.o__Paracaedibacterales.f__Paracaedibacteraceae",0.000190920661858294,0.000219271223694125,0.870705506366954,1.5,0.8,0.995071325532938,0.007
"d__Bacteria.k__.p__Bdellovibrionota.c__Bdellovibrionia.o__Bdellovibrionales.f__Bdellovibrionaceae",0.000164403903266865,0.000155715046116756,1.05579972755872,1.25,0.8,0.995319762782497,0.009
"d__Bacteria.k__.p__Proteobacteria.c__Alphaproteobacteria.o__Rhizobiales.f__C2U",0.000159100551548579,0.000148014576776487,1.07489785812672,1.5,0.4,0.995560185927232,0.001
"d__Bacteria.k__.p__Proteobacteria.c__Gammaproteobacteria.o__Enterobacterales.f__Enterobacteriaceae",0.000153797199830293,0.000196107048486421,0.784251259795703,0.25,1.4,0.995792594967142,0.362
"d__Bacteria.k__.p__Actinobacteriota.c__Actinobacteria.o__Propionibacteriales.f__Propionibacteriaceae",0.000148493848112007,0.000162870576145506,0.911729126440523,0,1.4,0.996016989902228,0.688
"d__Bacteria.k__.p__Planctomycetota.c__Planctomycetes.o__uncultured.f__",0.000148493848112007,0.000155429592079984,0.955376940290698,1,0.8,0.996241384837314,0.02
"d__Bacteria.k__.p__Firmicutes.c__Bacilli.o__Paenibacillales.f__Paenibacillaceae",0.000132583792957149,0.000235607582901633,0.562731433871138,1.25,0,0.996441737457926,0.235
"d__Bacteria.k__.p__Fusobacteriota.c__Fusobacteriia.o__Fusobacteriales.f__Fusobacteriaceae",0.000127280441238863,0.00026117395470984,0.487339717240448,0,1.2,0.996634075973714,0.928
"d__Bacteria.k__.p__Planctomycetota.c__Planctomycetes.o__Planctomycetales.f__Gimesiaceae",0.000116673737802291,0.000161042565658941,0.724490058419616,0.5,0.8,0.996810386279853,0.55
"d__Bacteria.k__.p__Proteobacteria.c__Alphaproteobacteria.o__Rickettsiales.f__SM2D12",0.000111370386084005,0.000121545504515259,0.916285522267286,0.75,0.6,0.996978682481167,0.479
"d__Bacteria.k__.p__Desulfobacterota.c__Desulfuromonadia.o__Bradymonadales.f__",0.000106067034365719,0.0002176449622582,0.487339717240448,0,1,0.997138964577657,0.308
"d__Bacteria.k__.p__Patescibacteria.c__Saccharimonadia.o__Saccharimonadales.f__",0.000106067034365719,0.0002176449622582,0.487339717240448,0,1,0.997299246674147,0.426
"d__Bacteria.k__.p__Verrucomicrobiota.c__Chlamydiae.o__Chlamydiales.f__Simkaniaceae",0.000106067034365719,0.000188486066321306,0.562731433871138,1,0,0.997459528770636,0.665
"d__Bacteria.k__.p__Proteobacteria.c__Gammaproteobacteria.o__Alteromonadales.f__Alteromonadaceae",0.000100763682647433,0.000135373591913626,0.744337807862295,0.75,0.4,0.997611796762302,0.799
"d__Bacteria.k__.p__Planctomycetota.c__OM190.o__.f__",9.01569792108613e-05,0.000130018958231889,0.693414102350106,0.75,0.2,0.997748036544318,0.652
"d__Bacteria.k__.p__Acidobacteriota.c__Blastocatellia.o__Blastocatellales.f__Blastocatellaceae",8.48536274925753e-05,0.00017411596980656,0.487339717240448,0,0.8,0.99787626222151,0.725
"d__Bacteria.k__.p__Proteobacteria.c__Gammaproteobacteria.o__Gammaproteobacteria_Incertae_Sedis.f__Unknown_Family",8.48536274925753e-05,8.14352880727529e-05,1.04197614450346,0,0.8,0.998004487898702,0.767
"d__Bacteria.k__.p__Campilobacterota.c__Campylobacteria.o__Campylobacterales.f__Arcobacteraceae",8.48536274925753e-05,0.00017411596980656,0.487339717240448,0,0.8,0.998132713575894,0.898
"d__Bacteria.k__.p__Dependentiae.c__Babeliae.o__Babeliales.f__",7.95502757742893e-05,0.00014136454974098,0.562731433871138,0.75,0,0.998252925148261,0.009
"d__Bacteria.k__.p__Proteobacteria.c__Alphaproteobacteria.o__Rhizobiales.f__Methyloligellaceae",7.42469240560034e-05,0.000103810030744504,0.715219170281713,0.5,0.4,0.998365122615804,0.724
"d__Bacteria.k__.p__Actinobacteriota.c__Actinobacteria.o__Micrococcales.f__Micrococcaceae",6.36402206194315e-05,0.00013058697735492,0.487339717240448,0,0.6,0.998461291873698,0.474
"d__Bacteria.k__.p__Bacteroidota.c__Bacteroidia.__.__",6.36402206194315e-05,0.00013058697735492,0.487339717240448,0,0.6,0.998557461131592,0.971
"d__Bacteria.k__.p__Proteobacteria.c__Gammaproteobacteria.o__Burkholderiales.f__Comamonadaceae",6.36402206194315e-05,0.00013058697735492,0.487339717240448,0,0.6,0.998653630389486,0.363
"d__Bacteria.k__.p__Desulfobacterota.c__Desulfobacteria.o__Desulfobacterales.f__Desulfosarcinaceae",6.36402206194315e-05,0.00013058697735492,0.487339717240448,0,0.6,0.99874979964738,0.308
"d__Bacteria.k__.p__Verrucomicrobiota.__.__.__",6.36402206194315e-05,0.00013058697735492,0.487339717240448,0,0.6,0.998845968905273,0.061
"d__Bacteria.k__.p__Gemmatimonadota.c__PAUC43f_marine_benthic_group.o__.f__",6.36402206194315e-05,0.00013058697735492,0.487339717240448,0,0.6,0.998942138163167,0.176
"d__Bacteria.k__.p__Proteobacteria.c__Gammaproteobacteria.o__Xanthomonadales.f__Rhodanobacteraceae",6.36402206194315e-05,0.00013058697735492,0.487339717240448,0,0.6,0.999038307421061,0.059
"d__Bacteria.k__.p__Proteobacteria.c__Gammaproteobacteria.o__Legionellales.f__Legionellaceae",5.30335171828596e-05,9.42430331606532e-05,0.562731433871138,0.5,0,0.999118448469306,0.184
"d__Bacteria.k__.p__Proteobacteria.c__Gammaproteobacteria.o__Oceanospirillales.f__Halomonadaceae",5.30335171828596e-05,9.42430331606532e-05,0.562731433871138,0.5,0,0.999198589517551,0.565
"d__Bacteria.k__.p__Proteobacteria.c__Gammaproteobacteria.o__Oceanospirillales.f__Gven.F17",5.30335171828596e-05,9.42430331606532e-05,0.562731433871138,0.5,0,0.999278730565796,0.396
"d__Bacteria.k__.p__Planctomycetota.c__Planctomycetes.__.__",5.30335171828596e-05,9.42430331606532e-05,0.562731433871138,0.5,0,0.999358871614041,0.688
"d__Bacteria.k__.p__Firmicutes.c__Clostridia.o__Lachnospirales.f__Lachnospiraceae",5.30335171828596e-05,5.441124056455e-05,0.974679434480896,0.5,0,0.999439012662286,0.249
"d__Bacteria.k__.p__Verrucomicrobiota.c__Verrucomicrobiae.o__Methylacidiphilales.f__Methylacidiphilaceae",5.30335171828596e-05,9.42430331606532e-05,0.562731433871138,0.5,0,0.999519153710531,0.612
"d__Bacteria.k__.p__Proteobacteria.c__Alphaproteobacteria.o__Micavibrionales.f__uncultured",4.24268137462877e-05,8.70579849032799e-05,0.487339717240448,0,0.4,0.999583266549126,0.41
"d__Bacteria.k__.p__Cyanobacteria.c__Cyanobacteriia.o__Cyanobacteriales.f__Nostocaceae",4.24268137462877e-05,8.70579849032799e-05,0.487339717240448,0,0.4,0.999647379387722,0.938
"d__Bacteria.k__.p__Proteobacteria.c__Gammaproteobacteria.o__Alteromonadales.f__Shewanellaceae",4.24268137462877e-05,5.33119102619892e-05,0.795822425754222,0,0.4,0.999711492226318,0.491
"d__Bacteria.k__.p__Desulfobacterota.c__Desulfovibrionia.o__Desulfovibrionales.f__Desulfovibrionaceae",2.65167585914298e-05,4.71215165803266e-05,0.562731433871138,0.25,0,0.999751562750441,0.715
"d__Bacteria.k__.p__Proteobacteria.c__Gammaproteobacteria.o__Francisellales.f__Francisellaceae",2.65167585914298e-05,4.71215165803266e-05,0.562731433871138,0.25,0,0.999791633274563,0.843
"d__Bacteria.k__.p__Proteobacteria.c__Gammaproteobacteria.o__Alteromonadales.f__Colwelliaceae",2.65167585914298e-05,4.71215165803266e-05,0.562731433871138,0.25,0,0.999831703798686,0.55
"d__Bacteria.k__.p__Proteobacteria.c__Alphaproteobacteria.o__Rhizobiales.f__Rhizobiales_Incertae_Sedis",2.65167585914298e-05,4.71215165803266e-05,0.562731433871138,0.25,0,0.999871774322808,0.63
"d__Bacteria.k__.p__Planctomycetota.c__vadinHA49.o__.f__",2.12134068731438e-05,4.352899245164e-05,0.487339717240448,0,0.2,0.999903830742106,0.568
"d__Bacteria.k__.p__Acidobacteriota.c__Thermoanaerobaculia.o__Thermoanaerobaculales.f__Thermoanaerobaculaceae",2.12134068731438e-05,4.352899245164e-05,0.487339717240448,0,0.2,0.999935887161404,0.779
"d__Bacteria.k__.p__Proteobacteria.c__Gammaproteobacteria.o__Alteromonadales.f__Pseudoalteromonadaceae",2.12134068731438e-05,4.352899245164e-05,0.487339717240448,0,0.2,0.999967943580702,0.448
"d__Bacteria.k__.p__Patescibacteria.c__Parcubacteria.o__Candidatus_Campbellbacteria.f__",2.12134068731438e-05,4.352899245164e-05,0.487339717240448,0,0.2,1,0.598
"d__Bacteria.k__.p__NB1.j.c__.o__.f__",0,0,NA,0,0,1,0.676
"d__Bacteria.k__.p__Proteobacteria.c__Gammaproteobacteria.o__SAR86_clade.f__",0,0,NA,0,0,1,0.481
"d__Bacteria.k__.p__Actinobacteriota.c__Actinobacteria.o__Micrococcales.f__Intrasporangiaceae",0,0,NA,0,0,1,0.335
"d__Bacteria.k__.p__Proteobacteria.c__Alphaproteobacteria.o__SAR11_clade.f__Clade_I",0,0,NA,0,0,1,0.323
"d__Bacteria.k__.p__Proteobacteria.c__Gammaproteobacteria.o__Cellvibrionales.f__Halieaceae",0,0,NA,0,0,1,0.997
"d__Bacteria.k__.p__Bacteroidota.c__Bacteroidia.o__Chitinophagales.f__Chitinophagaceae",0,0,NA,0,0,1,0.984
"d__Bacteria.k__.p__Actinobacteriota.c__Acidimicrobiia.o__Microtrichales.f__uncultured",0,0,NA,0,0,1,0.547
"d__Bacteria.k__.p__Proteobacteria.c__Gammaproteobacteria.o__Oceanospirillales.f__Nitrincolaceae",0,0,NA,0,0,1,0.651
"d__Bacteria.k__.p__Proteobacteria.c__Gammaproteobacteria.o__uncultured.f__",0,0,NA,0,0,1,0.53
"d__Bacteria.k__.p__Bacteroidota.c__Bacteroidia.o__Cytophagales.f__uncultured",0,0,NA,0,0,1,0.117
"d__Bacteria.k__.p__Proteobacteria.c__Gammaproteobacteria.o__Arenicellales.f__Arenicellaceae",0,0,NA,0,0,1,0.673
"d__Bacteria.k__.p__Proteobacteria.c__Alphaproteobacteria.o__Rickettsiales.f__Anaplasmataceae",0,0,NA,0,0,1,0.851
"d__Bacteria.k__.p__Proteobacteria.c__Alphaproteobacteria.o__Rhodospirillales.f__AEGEAN.169_marine_group",0,0,NA,0,0,1,0.243
"d__Bacteria.k__.p__Gemmatimonadota.c__BD2.11_terrestrial_group.o__.f__",0,0,NA,0,0,1,0.542
"d__Bacteria.k__.p__Proteobacteria.c__Gammaproteobacteria.o__Steroidobacterales.f__Woeseiaceae",0,0,NA,0,0,1,0.912
"d__Bacteria.k__.p__Myxococcota.c__Polyangia.o__Nannocystales.f__Nannocystaceae",0,0,NA,0,0,1,0.218
"d__Bacteria.k__.p__Proteobacteria.c__Alphaproteobacteria.o__Rickettsiales.f__S25.593",0,0,NA,0,0,1,0.001
"d__Bacteria.k__.p__Actinobacteriota.c__Acidimicrobiia.o__Microtrichales.f__Microtrichaceae",0,0,NA,0,0,1,0.91
"d__Bacteria.k__.p__Marinimicrobia_.SAR406_clade..c__.o__.f__",0,0,NA,0,0,1,0.113
"d__Bacteria.k__.p__Proteobacteria.c__Alphaproteobacteria.o__Rhodospirillales.f__Terasakiellaceae",0,0,NA,0,0,1,0.702
"d__Bacteria.k__.p__Cyanobacteria.c__Cyanobacteriia.o__Cyanobacteriales.f__Paraspirulinaceae",0,0,NA,0,0,1,0.754
"d__Bacteria.k__.p__Proteobacteria.c__Gammaproteobacteria.o__pItb.vmat.80.f__",0,0,NA,0,0,1,0.724
"d__Bacteria.k__.p__Proteobacteria.c__Alphaproteobacteria.o__Parvibaculales.f__uncultured",0,0,NA,0,0,1,0.12
"d__Bacteria.k__.p__Verrucomicrobiota.c__Verrucomicrobiae.o__Pedosphaerales.f__Pedosphaeraceae",0,0,NA,0,0,1,0.414
"d__Bacteria.k__.p__Proteobacteria.c__Gammaproteobacteria.o__Oceanospirillales.__",0,0,NA,0,0,1,0.534
"d__Bacteria.k__.p__Chloroflexi.c__Dehalococcoidia.o__MSBL5.f__",0,0,NA,0,0,1,0.12
"d__Bacteria.k__.p__Actinobacteriota.c__Acidimicrobiia.o__Microtrichales.f__Iamiaceae",0,0,NA,0,0,1,0.335
"d__Bacteria.k__.p__Bacteroidota.c__Bacteroidia.o__Bacteroidales.f__Bacteroidetes_BD2.2",0,0,NA,0,0,1,0.124
"d__Bacteria.k__.p__Proteobacteria.c__Gammaproteobacteria.o__Alteromonadales.f__Marinobacteraceae",0,0,NA,0,0,1,0.416
"d__Bacteria.k__.p__Firmicutes.c__Bacilli.o__Acholeplasmatales.f__Acholeplasmataceae",0,0,NA,0,0,1,0.633
"d__Bacteria.k__.p__Firmicutes.c__Bacilli.o__Entomoplasmatales.f__Spiroplasmataceae",0,0,NA,0,0,1,0.417
"d__Bacteria.k__.p__Proteobacteria.c__Gammaproteobacteria.o__Coxiellales.f__Coxiellaceae",0,0,NA,0,0,1,0.741
"d__Bacteria.k__.p__Proteobacteria.c__Alphaproteobacteria.o__Rickettsiales.__",0,0,NA,0,0,1,0.916
"d__Bacteria.k__.p__Actinobacteriota.c__Acidimicrobiia.o__Actinomarinales.f__uncultured",0,0,NA,0,0,1,0.753
"d__Bacteria.k__.p__Bacteroidota.c__Bacteroidia.o__Sphingobacteriales.f__Sphingobacteriaceae",0,0,NA,0,0,1,0.408
"d__Bacteria.k__.p__Proteobacteria.c__Alphaproteobacteria.o__Rickettsiales.f__",0,0,NA,0,0,1,0.242
"d__Bacteria.k__.p__Bdellovibrionota.c__Oligoflexia.o__053A03.B.DI.P58.f__",0,0,NA,0,0,1,0.001
"d__Bacteria.k__.p__Bdellovibrionota.c__Oligoflexia.o__Silvanigrellales.f__Silvanigrellaceae",0,0,NA,0,0,1,0.321
"d__Bacteria.k__.p__Desulfobacterota.c__Desulfuromonadia.o__.f__Geopsychrobacteraceae",0,0,NA,0,0,1,0.117
"d__Bacteria.k__.p__Bacteroidota.c__Bacteroidia.o__Flavobacteriales.f__Blattabacteriaceae",0,0,NA,0,0,1,0.459
"d__Bacteria.k__.p__Calditrichota.c__Calditrichia.o__Calditrichales.f__Calditrichaceae",0,0,NA,0,0,1,0.218
"d__Bacteria.k__.p__Proteobacteria.c__Gammaproteobacteria.o__Oceanospirillales.f__Litoricolaceae",0,0,NA,0,0,1,0.001
"d__Bacteria.k__.p__Proteobacteria.c__Alphaproteobacteria.o__Defluviicoccales.f__Defluviicoccaceae",0,0,NA,0,0,1,0.461
"d__Bacteria.k__.p__Campilobacterota.c__Campylobacteria.o__Campylobacterales.f__Helicobacteraceae",0,0,NA,0,0,1,0.956
"d__Bacteria.k__.p__Firmicutes.c__Bacilli.o__Lactobacillales.f__Enterococcaceae",0,0,NA,0,0,1,0.238
"d__Bacteria.k__.p__Proteobacteria.c__Gammaproteobacteria.o__Burkholderiales.f__Oxalobacteraceae",0,0,NA,0,0,1,0.669
"d__Bacteria.k__.p__Chloroflexi.c__Anaerolineae.o__Ardenticatenales.f__Ardenticatenaceae",0,0,NA,0,0,1,0.876
"d__Bacteria.k__.p__Verrucomicrobiota.c__Verrucomicrobiae.o__Arctic97B.4_marine_group.f__",0,0,NA,0,0,1,0.001
"d__Bacteria.k__.p__Proteobacteria.c__Alphaproteobacteria.o__Rhodospirillales.f__uncultured",0,0,NA,0,0,1,0.728
"d__Bacteria.k__.p__Proteobacteria.c__Alphaproteobacteria.o__Kiloniellales.f__Kiloniellaceae",0,0,NA,0,0,1,0.936
"d__Bacteria.k__.p__Proteobacteria.c__Alphaproteobacteria.o__Rhizobiales.f__Rhodomicrobiaceae",0,0,NA,0,0,1,0.794
"d__Bacteria.k__.p__Bacteroidota.c__Bacteroidia.o__Cytophagales.f__Hymenobacteraceae",0,0,NA,0,0,1,0.122
"d__Bacteria.k__.p__Chloroflexi.c__Anaerolineae.o__SBR1031.f__",0,0,NA,0,0,1,0.597
"d__Bacteria.k__.p__Desulfobacterota.c__Desulfobulbia.o__Desulfobulbales.f__Desulfocapsaceae",0,0,NA,0,0,1,0.307
"d__Bacteria.k__.p__Cyanobacteria.c__Cyanobacteriia.o__Thermosynechococcales.f__Acaryochloridaceae",0,0,NA,0,0,1,0.798
"d__Bacteria.k__.p__Proteobacteria.c__Gammaproteobacteria.o__Pseudomonadales.f__Moraxellaceae",0,0,NA,0,0,1,0.619
"d__Bacteria.k__.p__Acidobacteriota.c__Holophagae.o__Acanthopleuribacterales.f__Acanthopleuribacteraceae",0,0,NA,0,0,1,0.499
"d__Bacteria.k__.p__Proteobacteria.c__Gammaproteobacteria.o__Nitrosococcales.f__Nitrosococcaceae",0,0,NA,0,0,1,0.511
"d__Bacteria.k__.p__Cyanobacteria.c__Cyanobacteriia.o__Cyanobacteriales.f__Geitlerinemaceae",0,0,NA,0,0,1,0.804
"d__Bacteria.k__.p__Proteobacteria.c__Gammaproteobacteria.o__Burkholderiales.f__Nitrosomonadaceae",0,0,NA,0,0,1,0.108
"d__Bacteria.k__.p__Firmicutes.c__Bacilli.o__Erysipelotrichales.f__Erysipelotrichaceae",0,0,NA,0,0,1,0.709
"d__Bacteria.k__.p__Actinobacteriota.c__Thermoleophilia.o__Solirubrobacterales.f__67.14",0,0,NA,0,0,1,0.585
"d__Bacteria.k__.p__Verrucomicrobiota.c__Chlamydiae.o__Chlamydiales.__",0,0,NA,0,0,1,0.659
"d__Bacteria.k__.p__Chloroflexi.c__Anaerolineae.o__SBR1031.f__A4b",0,0,NA,0,0,1,0.398
"d__Bacteria.k__.p__Verrucomicrobiota.c__Verrucomicrobiae.o__Opitutales.f__Puniceicoccaceae",0,0,NA,0,0,1,0.749
"d__Bacteria.k__.p__Proteobacteria.c__Gammaproteobacteria.o__AT.s2.59.f__",0,0,NA,0,0,1,0.62
"d__Bacteria.k__.p__Firmicutes.c__Bacilli.o__Thermicanales.f__Thermicanaceae",0,0,NA,0,0,1,0.112
"d__Bacteria.k__.p__Proteobacteria.c__Gammaproteobacteria.o__SZB50.f__",0,0,NA,0,0,1,0.406
"d__Bacteria.k__.p__Nitrospinota.c__Nitrospinia.o__Nitrospinales.f__Nitrospinaceae",0,0,NA,0,0,1,0.218
"d__Bacteria.k__.p__Bacteroidota.c__Bacteroidia.o__Chitinophagales.f__uncultured",0,0,NA,0,0,1,0.763
"d__Bacteria.k__.p__Firmicutes.c__Clostridia.o__Clostridia_UCG.014.f__",0,0,NA,0,0,1,0.112
"d__Bacteria.k__.p__Actinobacteriota.c__Actinobacteria.o__PeM15.f__",0,0,NA,0,0,1,0.629
"d__Bacteria.k__.p__Bacteroidota.c__Bacteroidia.o__Sphingobacteriales.f__NS11.12_marine_group",0,0,NA,0,0,1,0.238
"d__Bacteria.k__.p__Desulfobacterota.c__Desulfuromonadia.__.__",0,0,NA,0,0,1,0.001
"d__Bacteria.k__.p__Proteobacteria.c__Gammaproteobacteria.o__Alteromonadales.f__Moritellaceae",0,0,NA,0,0,1,0.693
"d__Bacteria.k__.p__Bacteroidota.c__Bacteroidia.o__Bacteroidales.f__Dysgonomonadaceae",0,0,NA,0,0,1,0.112
"d__Bacteria.k__.p__Desulfobacterota.c__Desulfomonilia.o__Desulfomonilales.f__Desulfomonilaceae",0,0,NA,0,0,1,0.108
"d__Bacteria.k__.p__Proteobacteria.c__Alphaproteobacteria.o__Thalassobaculales.f__uncultured",0,0,NA,0,0,1,0.683
"d__Bacteria.k__.p__Acidobacteriota.c__Vicinamibacteria.o__Subgroup_9.f__",0,0,NA,0,0,1,0.405
"d__Bacteria.k__.p__Actinobacteriota.c__Thermoleophilia.o__Gaiellales.f__uncultured",0,0,NA,0,0,1,0.624
"d__Bacteria.k__.p__Bacteroidota.c__Bacteroidia.o__Flavobacteriales.f__NS9_marine_group",0,0,NA,0,0,1,0.317
"d__Bacteria.k__.p__Proteobacteria.c__Alphaproteobacteria.o__Rhizobiales.f__Devosiaceae",0,0,NA,0,0,1,0.773
"d__Bacteria.k__.p__Firmicutes.c__Bacilli.__.__",0,0,NA,0,0,1,0.934
"d__Bacteria.k__.p__Nitrospirota.c__Nitrospiria.o__Nitrospirales.f__Nitrospiraceae",0,0,NA,0,0,1,0.7
"d__Bacteria.k__.p__Cyanobacteria.c__Cyanobacteriia.o__Cyanobacteriales.f__Cyanobacteriaceae",0,0,NA,0,0,1,0.314
"d__Bacteria.k__.p__Proteobacteria.c__Alphaproteobacteria.o__Rhodospirillales.f__Magnetospiraceae",0,0,NA,0,0,1,0.199
"d__Bacteria.k__.p__Proteobacteria.c__Gammaproteobacteria.o__Nitrosococcales.f__Methylophagaceae",0,0,NA,0,0,1,0.288
"d__Bacteria.k__.p__Proteobacteria.c__Gammaproteobacteria.o__Oceanospirillales.f__Alcanivoracaceae1",0,0,NA,0,0,1,0.251
"d__Bacteria.k__.p__Bacteroidota.c__Bacteroidia.o__Flavobacteriales.f__Weeksellaceae",0,0,NA,0,0,1,0.225
"d__Bacteria.k__.p__Firmicutes.c__Clostridia.o__Clostridiales.f__Caloramatoraceae",0,0,NA,0,0,1,0.112
"d__Bacteria.k__.p__Proteobacteria.c__Alphaproteobacteria.o__Caulobacterales.f__Caulobacteraceae",0,0,NA,0,0,1,0.231
"d__Bacteria.k__.p__Verrucomicrobiota.c__Omnitrophia.o__.f__",0,0,NA,0,0,1,0.241
"d__Bacteria.k__.p__Cyanobacteria.c__Cyanobacteriia.o__Cyanobacteriales.f__Oscillatoriaceae",0,0,NA,0,0,1,0.656
"d__Bacteria.k__.p__Proteobacteria.c__Alphaproteobacteria.o__Puniceispirillales.f__SAR116_clade",0,0,NA,0,0,1,0.001
"d__Bacteria.k__.p__Proteobacteria.c__Gammaproteobacteria.o__EPR3968.O8a.Bc78.f__",0,0,NA,0,0,1,0.217
"d__Bacteria.k__.p__Cyanobacteria.c__Cyanobacteriia.o__Synechococcales.f__Synechococcales_Incertae_Sedis",0,0,NA,0,0,1,0.88
"d__Bacteria.k__.p__Proteobacteria.c__Gammaproteobacteria.o__EV818SWSAP88.f__",0,0,NA,0,0,1,0.214
"d__Bacteria.k__.p__Proteobacteria.c__Alphaproteobacteria.o__Defluviicoccales.f__uncultured",0,0,NA,0,0,1,0.592
"d__Bacteria.k__.p__Proteobacteria.c__Gammaproteobacteria.o__KI89A_clade.f__",0,0,NA,0,0,1,0.757
"d__Bacteria.k__.p__Patescibacteria.c__Gracilibacteria.o__JGI_0000069.P22.f__",0,0,NA,0,0,1,0.485
"d__Bacteria.k__.p__Desulfobacterota.c__Desulfuromonadia.o__PB19.f__",0,0,NA,0,0,1,0.261
"d__Bacteria.k__.p__Proteobacteria.c__Gammaproteobacteria.o__Thiohalorhabdales.f__Thiohalorhabdaceae",0,0,NA,0,0,1,0.714
"d__Bacteria.k__.p__Verrucomicrobiota.c__Kiritimatiellae.o__Kiritimatiellales.f__Kiritimatiellaceae",0,0,NA,0,0,1,0.001
"d__Bacteria.k__.p__Cyanobacteria.c__Cyanobacteriia.o__Phormidesmiales.f__Nodosilineaceae",0,0,NA,0,0,1,0.798
"d__Bacteria.k__.p__Elusimicrobiota.c__Lineage_IIb.o__.f__",0,0,NA,0,0,1,0.124
"d__Bacteria.k__.p__Actinobacteriota.c__Actinobacteria.o__Micrococcales.f__Dermacoccaceae",0,0,NA,0,0,1,0.001
"d__Bacteria.k__.p__Firmicutes.c__Clostridia.o__Peptostreptococcales.Tissierellales.f__",0,0,NA,0,0,1,0.306
"d__Bacteria.k__.p__Proteobacteria.c__Gammaproteobacteria.o__Ectothiorhodospirales.f__Ectothiorhodospiraceae",0,0,NA,0,0,1,0.001
"d__Bacteria.k__.p__Proteobacteria.c__Gammaproteobacteria.o__Cardiobacteriales.f__Cardiobacteriaceae",0,0,NA,0,0,1,0.635
"d__Bacteria.k__.p__Patescibacteria.c__Gracilibacteria.o__.f__",0,0,NA,0,0,1,0.986
"d__Bacteria.k__.p__Chloroflexi.c__Chloroflexia.o__Thermomicrobiales.f__AKYG1722",0,0,NA,0,0,1,0.48
"d__Bacteria.k__.p__Proteobacteria.c__Gammaproteobacteria.o__Burkholderiales.f__MWH.UniP1_aquatic_group",0,0,NA,0,0,1,0.001
"d__Bacteria.k__.p__Chloroflexi.c__KD4.96.o__.f__",0,0,NA,0,0,1,0.481
"d__Bacteria.k__.p__Bacteroidota.c__Bacteroidia.o__Bacteroidales.f__Marinifilaceae",0,0,NA,0,0,1,0.424
"d__Bacteria.k__.p__Proteobacteria.c__Gammaproteobacteria.o__Cellvibrionales.f__Porticoccaceae",0,0,NA,0,0,1,0.001
"d__Bacteria.k__.p__Proteobacteria.c__Gammaproteobacteria.o__UBA10353_marine_group.f__",0,0,NA,0,0,1,0.569
"d__Bacteria.k__.p__Actinobacteriota.c__Actinobacteria.o__Micrococcales.f__Bogoriellaceae",0,0,NA,0,0,1,0.112
"d__Bacteria.k__.p__Margulisbacteria.c__.o__.f__",0,0,NA,0,0,1,0.486
"d__Bacteria.k__.p__Proteobacteria.c__Gammaproteobacteria.o__Pasteurellales.f__Pasteurellaceae",0,0,NA,0,0,1,0.113
"d__Bacteria.k__.p__Proteobacteria.c__Gammaproteobacteria.o__Ga0077536.f__",0,0,NA,0,0,1,0.333
"d__Bacteria.k__.p__Desulfobacterota.c__Desulfobulbia.o__Desulfobulbales.f__Desulfobulbaceae",0,0,NA,0,0,1,0.208
"d__Bacteria.k__.p__Chloroflexi.c__Anaerolineae.o__Anaerolineales.f__Anaerolineaceae",0,0,NA,0,0,1,0.399
"d__Bacteria.k__.p__Verrucomicrobiota.c__Chlamydiae.o__Chlamydiales.f__Chlamydiaceae",0,0,NA,0,0,1,0.141
"d__Bacteria.k__.p__Proteobacteria.c__Gammaproteobacteria.o__Chromatiales.f__Chromatiaceae",0,0,NA,0,0,1,0.66
"d__Bacteria.k__.p__Firmicutes.c__Bacilli.o__Lactobacillales.f__Streptococcaceae",0,0,NA,0,0,1,0.483
"d__Bacteria.k__.p__Bacteroidota.c__Bacteroidia.o__Chitinophagales.__",0,0,NA,0,0,1,0.124
"d__Bacteria.k__.p__Firmicutes.c__Clostridia.o__Lachnospirales.__",0,0,NA,0,0,1,0.41
"d__Bacteria.k__.p__Actinobacteriota.c__Acidimicrobiia.o__Actinomarinales.f__Actinomarinaceae",0,0,NA,0,0,1,0.324
"Unassigned.__.__.__.__.__",0,0,NA,0,0,1,0.702
"d__Bacteria.k__.p__Actinobacteriota.c__Actinobacteria.o__Micrococcales.f__Dermabacteraceae",0,0,NA,0,0,1,0.12
"d__Bacteria.k__.p__Myxococcota.c__bacteriap25.o__.f__",0,0,NA,0,0,1,0.329
"d__Bacteria.k__.p__Cyanobacteria.c__Cyanobacteriia.o__Cyanobacteriales.f__Coleofasciculaceae",0,0,NA,0,0,1,0.539
"d__Bacteria.k__.p__Proteobacteria.c__Alphaproteobacteria.o__Parvibaculales.f__Parvibaculaceae",0,0,NA,0,0,1,0.229
"d__Bacteria.k__.p__Actinobacteriota.c__Actinobacteria.o__Corynebacteriales.f__Dietziaceae",0,0,NA,0,0,1,0.127
"d__Bacteria.k__.p__Dependentiae.c__Babeliae.o__Babeliales.f__Babeliaceae",0,0,NA,0,0,1,0.236
"d__Bacteria.k__.p__Acidobacteriota.c__Acidobacteriae.o__PAUC26f.f__",0,0,NA,0,0,1,0.324
"d__Bacteria.k__.p__Proteobacteria.c__Gammaproteobacteria.o__Thiotrichales.f__Thiotrichaceae",0,0,NA,0,0,1,0.112
"d__Bacteria.k__.p__Bdellovibrionota.c__Oligoflexia.o__Oligoflexales.f__",0,0,NA,0,0,1,0.541
"d__Bacteria.k__.p__Planctomycetota.c__Phycisphaerae.o__mle1.8.f__",0,0,NA,0,0,1,0.411
"d__Bacteria.k__.p__Proteobacteria.c__Gammaproteobacteria.o__Oceanospirillales.f__Kangiellaceae",0,0,NA,0,0,1,0.412
"d__Bacteria.k__.p__Chloroflexi.c__Anaerolineae.o__Ardenticatenales.f__uncultured",0,0,NA,0,0,1,0.697
"d__Bacteria.k__.p__Bacteroidota.c__Ignavibacteria.o__Ignavibacteriales.f__Melioribacteraceae",0,0,NA,0,0,1,0.218
"d__Bacteria.k__.p__Proteobacteria.c__Gammaproteobacteria.o__Diplorickettsiales.f__Diplorickettsiaceae",0,0,NA,0,0,1,0.36
"d__Bacteria.k__.p__Dependentiae.c__Babeliae.o__Babeliales.f__Vermiphilaceae",0,0,NA,0,0,1,0.543
"d__Bacteria.k__.p__Latescibacterota.c__.o__.f__",0,0,NA,0,0,1,0.429
"d__Bacteria.k__.p__Firmicutes.c__Clostridia.o__Peptostreptococcales.Tissierellales.f__Caminicellaceae",0,0,NA,0,0,1,0.345
"d__Bacteria.k__.p__Proteobacteria.c__Alphaproteobacteria.o__Puniceispirillales.f__EF100.94H03",0,0,NA,0,0,1,0.108
"d__Bacteria.k__.p__Verrucomicrobiota.c__Verrucomicrobiae.o__Verrucomicrobiales.__",0,0,NA,0,0,1,0.522
"d__Bacteria.k__.p__Planctomycetota.c__028H05.P.BN.P5.o__.f__",0,0,NA,0,0,1,0.322
"d__Bacteria.k__.p__Actinobacteriota.c__Actinobacteria.o__Corynebacteriales.f__Corynebacteriaceae",0,0,NA,0,0,1,0.415
"d__Bacteria.k__.p__Cyanobacteria.c__Cyanobacteriia.__.__",0,0,NA,0,0,1,0.001
"d__Bacteria.k__.p__Firmicutes.c__Bacilli.o__Staphylococcales.f__Staphylococcaceae",0,0,NA,0,0,1,0.399
"d__Bacteria.k__.p__Planctomycetota.c__BD7.11.o__.f__",0,0,NA,0,0,1,0.335
"d__Bacteria.k__.p__Actinobacteriota.c__Actinobacteria.o__Bifidobacteriales.f__Bifidobacteriaceae",0,0,NA,0,0,1,0.112
"d__Bacteria.k__.p__Proteobacteria.c__Alphaproteobacteria.o__SAR11_clade.f__Clade_III",0,0,NA,0,0,1,0.001
"d__Bacteria.k__.p__Proteobacteria.c__Gammaproteobacteria.o__Burkholderiales.__",0,0,NA,0,0,1,0.453
"d__Bacteria.k__.p__Cyanobacteria.c__Sericytochromatia.o__.f__",0,0,NA,0,0,1,0.24
"d__Bacteria.k__.p__Proteobacteria.c__Alphaproteobacteria.o__Rhodospirillales.__",0,0,NA,0,0,1,0.692
"d__Bacteria.k__.p__Verrucomicrobiota.c__Verrucomicrobiae.__.__",0,0,NA,0,0,1,0.137
"d__Bacteria.k__.p__Chloroflexi.c__Anaerolineae.o__SJA.15.f__",0,0,NA,0,0,1,0.112
"d__Bacteria.k__.p__Bacteroidota.c__Bacteroidia.o__Flavobacteriales.f__Crocinitomicaceae",0,0,NA,0,0,1,0.782
"d__Bacteria.k__.p__Bacteroidota.c__Bacteroidia.o__Cytophagales.f__Amoebophilaceae",0,0,NA,0,0,1,0.481
"d__Bacteria.k__.p__Proteobacteria.c__Gammaproteobacteria.o__Burkholderiales.f__Hydrogenophilaceae",0,0,NA,0,0,1,0.112
"d__Bacteria.k__.p__Proteobacteria.c__Alphaproteobacteria.o__SAR11_clade.f__Clade_II",0,0,NA,0,0,1,0.001
"d__Bacteria.k__.p__Desulfobacterota.c__uncultured.o__.f__",0,0,NA,0,0,1,0.391
"d__Bacteria.k__.p__Bacteroidota.c__Bacteroidia.o__Bacteroidales.f__Marinilabiliaceae",0,0,NA,0,0,1,0.108
"d__Bacteria.k__.p__Bacteroidota.c__Bacteroidia.o__Sphingobacteriales.__",0,0,NA,0,0,1,0.495
"d__Bacteria.k__.p__Chloroflexi.c__Chloroflexia.o__Chloroflexales.f__Chloroflexaceae",0,0,NA,0,0,1,0.501
"d__Bacteria.k__.p__Proteobacteria.c__Gammaproteobacteria.o__Piscirickettsiales.f__Piscirickettsiaceae",0,0,NA,0,0,1,0.126
"d__Bacteria.k__.p__Firmicutes.c__Bacilli.o__Bacillales.f__Planococcaceae",0,0,NA,0,0,1,0.225
"d__Bacteria.k__.p__Sumerlaeota.c__Sumerlaeia.o__Sumerlaeales.f__Sumerlaeaceae",0,0,NA,0,0,1,0.561
"d__Bacteria.k__.p__Patescibacteria.c__Parcubacteria.o__Candidatus_Moranbacteria.f__",0,0,NA,0,0,1,0.124
"d__Bacteria.k__.p__Proteobacteria.c__Gammaproteobacteria.o__Oceanospirillales.f__Pseudohongiellaceae",0,0,NA,0,0,1,0.308
"d__Bacteria.k__.p__Proteobacteria.c__Alphaproteobacteria.o__Rhizobiales.f__Rhodobiaceae",0,0,NA,0,0,1,0.403
"d__Bacteria.k__.p__Cyanobacteria.c__Cyanobacteriia.o__Phormidesmiales.__",0,0,NA,0,0,1,0.143
"d__Bacteria.k__.p__Actinobacteriota.c__Actinobacteria.o__Micrococcales.f__Cellulomonadaceae",0,0,NA,0,0,1,0.346
"d__Bacteria.k__.p__Patescibacteria.c__Gracilibacteria.o__Absconditabacteriales_.SR1..f__",0,0,NA,0,0,1,0.219
"d__Bacteria.k__.p__Patescibacteria.c__Dojkabacteria.o__.f__",0,0,NA,0,0,1,0.407
"d__Bacteria.k__.p__Bacteroidota.c__Bacteroidia.o__Flavobacteriales.f__Schleiferiaceae",0,0,NA,0,0,1,0.137
"d__Bacteria.k__.p__Chloroflexi.c__Ktedonobacteria.o__Ktedonobacterales.f__JG30.KF.AS9",0,0,NA,0,0,1,0.137
"d__Bacteria.k__.p__Planctomycetota.c__Phycisphaerae.o__Tepidisphaerales.f__WD2101_soil_group",0,0,NA,0,0,1,0.117
"d__Bacteria.k__.p__Planctomycetota.c__Pla3_lineage.o__.f__",0,0,NA,0,0,1,0.324
"d__Bacteria.k__.p__Verrucomicrobiota.c__Verrucomicrobiae.o__Opitutales.f__Opitutaceae",0,0,NA,0,0,1,0.204
"d__Bacteria.k__.p__Entotheonellaeota.c__Entotheonellia.o__Entotheonellales.f__Entotheonellaceae",0,0,NA,0,0,1,0.598
"d__Bacteria.k__.p__Chloroflexi.c__Ktedonobacteria.o__Ktedonobacterales.f__Ktedonobacteraceae",0,0,NA,0,0,1,0.124
"d__Bacteria.k__.p__Proteobacteria.c__Gammaproteobacteria.o__Burkholderiales.f__Methylophilaceae",0,0,NA,0,0,1,0.001
"d__Bacteria.k__.p__Bacteroidota.c__SJA.28.o__.f__",0,0,NA,0,0,1,0.316
"d__Bacteria.k__.p__Planctomycetota.c__Phycisphaerae.o__CCM11a.f__",0,0,NA,0,0,1,0.335
"d__Bacteria.k__.p__Myxococcota.c__Polyangia.o__Haliangiales.f__Haliangiaceae",0,0,NA,0,0,1,0.494
"d__Bacteria.k__.p__Myxococcota.c__Myxococcia.o__Myxococcales.f__Myxococcaceae",0,0,NA,0,0,1,0.218
"d__Bacteria.k__.p__Proteobacteria.c__Gammaproteobacteria.o__Oceanospirillales.f__Saccharospirillaceae",0,0,NA,0,0,1,0.337
"d__Bacteria.k__.p__Bacteroidota.c__Bacteroidia.o__Bacteroidales.f__Bacteroidaceae",0,0,NA,0,0,1,0.405
"d__Bacteria.k__.p__Firmicutes.c__Bacilli.o__Izemoplasmatales.f__",0,0,NA,0,0,1,0.235
"d__Bacteria.k__.p__Verrucomicrobiota.c__Verrucomicrobiae.o__Chthoniobacterales.f__01D2Z36",0,0,NA,0,0,1,0.405
"d__Bacteria.k__.p__Proteobacteria.c__Alphaproteobacteria.o__NRL2.f__",0,0,NA,0,0,1,0.137
"d__Bacteria.k__.p__Firmicutes.c__Negativicutes.o__Veillonellales.Selenomonadales.f__Veillonellaceae",0,0,NA,0,0,1,0.115
"d__Bacteria.k__.p__Proteobacteria.c__Gammaproteobacteria.o__OM182_clade.f__",0,0,NA,0,0,1,0.137
"d__Bacteria.k__.p__Firmicutes.c__Bacilli.o__Entomoplasmatales.f__Entomoplasmatales_Incertae_Sedis",0,0,NA,0,0,1,0.137
"d__Bacteria.k__.p__Myxococcota.c__Polyangia.o__Polyangiales.f__BIrii41",0,0,NA,0,0,1,0.399
"d__Bacteria.k__.p__Verrucomicrobiota.c__Verrucomicrobiae.o__Chthoniobacterales.f__Xiphinematobacteraceae",0,0,NA,0,0,1,0.606
"d__Bacteria.k__.p__Actinobacteriota.c__Actinobacteria.o__Micrococcales.f__Brevibacteriaceae",0,0,NA,0,0,1,0.001
"d__Bacteria.k__.p__Cyanobacteria.c__Cyanobacteriia.o__Eurycoccales.f__Eurycoccales_Incertae_Sedis",0,0,NA,0,0,1,0.305
"d__Bacteria.k__.p__Latescibacterota.c__Latescibacteria.o__Latescibacterales.f__Latescibacteraceae",0,0,NA,0,0,1,0.108
"d__Bacteria.k__.p__Verrucomicrobiota.c__Chlamydiae.o__Chlamydiales.f__Criblamydiaceae",0,0,NA,0,0,1,0.422
"d__Bacteria.k__.p__Cyanobacteria.c__Cyanobacteriia.o__uncultured.f__",0,0,NA,0,0,1,0.115
"d__Bacteria.k__.p__Cyanobacteria.c__Cyanobacteriia.o__Oxyphotobacteria_Incertae_Sedis.f__Unknown_Family",0,0,NA,0,0,1,0.584
"d__Bacteria.k__.p__Chloroflexi.c__Chloroflexia.o__Chloroflexales.f__Roseiflexaceae",0,0,NA,0,0,1,0.119
"d__Bacteria.k__.p__Proteobacteria.c__Gammaproteobacteria.o__Cellvibrionales.f__BD2.7",0,0,NA,0,0,1,0.194
"d__Bacteria.k__.p__Bacteroidota.c__Bacteroidia.o__Sphingobacteriales.f__ST.12K33",0,0,NA,0,0,1,0.117
"d__Bacteria.k__.p__Bacteroidota.c__Bacteroidia.o__Cytophagales.f__Microscillaceae",0,0,NA,0,0,1,0.695
"d__Bacteria.k__.p__Dadabacteria.c__Dadabacteriia.o__Dadabacteriales.f__",0,0,NA,0,0,1,0.555
"d__Bacteria.k__.p__Bacteroidota.c__Bacteroidia.o__Bacteroidales.__",0,0,NA,0,0,1,0.113
"d__Bacteria.k__.p__Proteobacteria.c__Alphaproteobacteria.o__SAR11_clade.f__Clade_IV",0,0,NA,0,0,1,0.001
"d__Bacteria.k__.p__Planctomycetota.c__Phycisphaerae.o__Tepidisphaerales.__",0,0,NA,0,0,1,0.228
"d__Bacteria.k__.p__Proteobacteria.c__Alphaproteobacteria.o__Thalassobaculales.f__Nisaeaceae",0,0,NA,0,0,1,0.001
"d__Bacteria.k__.p__Actinobacteriota.c__Actinobacteria.o__Propionibacteriales.f__Nocardioidaceae",0,0,NA,0,0,1,0.143
"d__Bacteria.k__.p__Myxococcota.c__Polyangia.o__Blfdi19.f__",0,0,NA,0,0,1,0.115
"d__Bacteria.k__.p__Firmicutes.c__Clostridia.o__Oscillospirales.f__.Eubacterium._coprostanoligenes_group",0,0,NA,0,0,1,0.137
"d__Bacteria.k__.p__Hydrogenedentes.c__Hydrogenedentia.o__Hydrogenedentiales.f__Hydrogenedensaceae",0,0,NA,0,0,1,0.126
"d__Bacteria.k__.p__Verrucomicrobiota.c__Chlamydiae.o__Chlamydiales.f__Waddliaceae",0,0,NA,0,0,1,0.218
"d__Bacteria.k__.p__MBNT15.c__.o__.f__",0,0,NA,0,0,1,0.132
"d__Bacteria.k__.p__Chloroflexi.c__Anaerolineae.__.__",0,0,NA,0,0,1,0.324
"d__Bacteria.k__.p__Myxococcota.c__Polyangia.o__UASB.TL25.f__",0,0,NA,0,0,1,0.218
"d__Bacteria.k__.p__Bacteroidota.c__Kapabacteria.o__Kapabacteriales.f__",0,0,NA,0,0,1,0.308
"d__Bacteria.k__.p__Verrucomicrobiota.c__Lentisphaeria.o__Victivallales.f__Arctic95B.14",0,0,NA,0,0,1,0.334
"d__Bacteria.k__.p__Proteobacteria.c__Alphaproteobacteria.o__AT.s3.44.f__",0,0,NA,0,0,1,0.001
"d__Bacteria.k__.p__Cyanobacteria.c__Vampirivibrionia.o__Obscuribacterales.f__Obscuribacteraceae",0,0,NA,0,0,1,0.458
"d__Bacteria.k__.p__Proteobacteria.c__Gammaproteobacteria.o__S1.3.65.f__",0,0,NA,0,0,1,0.103
"d__Bacteria.k__.p__Actinobacteriota.c__Acidimicrobiia.o__Microtrichales.__",0,0,NA,0,0,1,0.108
"d__Bacteria.k__.p__Bacteroidota.c__Bacteroidia.o__Bacteroidales.f__Prolixibacteraceae",0,0,NA,0,0,1,0.505
"d__Bacteria.k__.p__Chloroflexi.c__Dehalococcoidia.o__SAR202_clade.f__",0,0,NA,0,0,1,0.001
"d__Bacteria.k__.p__Proteobacteria.c__Gammaproteobacteria.o__Alteromonadales.__",0,0,NA,0,0,1,0.001
"d__Bacteria.k__.p__Firmicutes.c__Clostridia.o__Peptostreptococcales.Tissierellales.f__Fusibacteraceae",0,0,NA,0,0,1,0.113
"d__Bacteria.k__.p__Proteobacteria.c__Gammaproteobacteria.o__Cellvibrionales.__",0,0,NA,0,0,1,0.141
"d__Bacteria.k__.p__Spirochaetota.c__Leptospirae.o__Leptospirales.f__Leptospiraceae",0,0,NA,0,0,1,0.113
"d__Bacteria.k__.p__Patescibacteria.c__Gracilibacteria.o__Candidatus_Peregrinibacteria.f__",0,0,NA,0,0,1,0.341
"d__Bacteria.k__.p__Proteobacteria.c__Gammaproteobacteria.o__Burkholderiales.f__EC94",0,0,NA,0,0,1,0.206
"d__Bacteria.k__.p__Actinobacteriota.c__Actinobacteria.o__Micrococcales.f__Microbacteriaceae",0,0,NA,0,0,1,0.333
"d__Bacteria.k__.p__Bacteroidota.c__Chlorobia.o__Chlorobiales.f__Chlorobiaceae",0,0,NA,0,0,1,0.147
"d__Bacteria.k__.p__Firmicutes.c__Bacilli.o__RF39.f__",0,0,NA,0,0,1,0.001
"d__Bacteria.k__.p__Proteobacteria.c__Alphaproteobacteria.o__SAR11_clade.__",0,0,NA,0,0,1,0.001
"d__Bacteria.k__.p__Cyanobacteria.c__Vampirivibrionia.o__Caenarcaniphilales.f__",0,0,NA,0,0,1,0.234
"d__Bacteria.k__.p__Firmicutes.c__Clostridia.o__.f__Hungateiclostridiaceae",0,0,NA,0,0,1,0.232
"d__Bacteria.k__.p__Cyanobacteria.c__Cyanobacteriia.o__Cyanobacteriales.f__uncultured",0,0,NA,0,0,1,0.297
"d__Bacteria.k__.p__Proteobacteria.c__Gammaproteobacteria.o__Thiomicrospirales.f__Thioglobaceae",0,0,NA,0,0,1,0.001
"d__Bacteria.k__.p__Bacteroidota.c__Bacteroidia.o__Flavobacteriales.__",0,0,NA,0,0,1,0.776
"d__Bacteria.k__.p__Bacteroidota.c__Bacteroidia.o__Bacteroidales.f__Paludibacteraceae",0,0,NA,0,0,1,0.124
"d__Bacteria.k__.p__Planctomycetota.c__Phycisphaerae.o__Tepidisphaerales.f__Tepidisphaeraceae",0,0,NA,0,0,1,0.115
"d__Bacteria.k__.p__Bacteroidota.c__Bacteroidia.o__Flavobacteriales.f__NS7_marine_group",0,0,NA,0,0,1,0.121
"d__Bacteria.k__.p__Bacteroidota.c__Bacteroidia.o__Cytophagales.__",0,0,NA,0,0,1,0.206
"d__Bacteria.k__.p__Proteobacteria.c__Alphaproteobacteria.o__Rickettsiales.f__Fokiniaceae",0,0,NA,0,0,1,0.095
"d__Bacteria.k__.p__Proteobacteria.c__Gammaproteobacteria.o__Xanthomonadales.f__Xanthomonadaceae",0,0,NA,0,0,1,0.112
"d__Bacteria.k__.p__Acidobacteriota.c__Subgroup_26.o__.f__",0,0,NA,0,0,1,0.332
"d__Bacteria.k__.p__Patescibacteria.c__WWE3.o__.f__",0,0,NA,0,0,1,0.112
"d__Bacteria.k__.p__Proteobacteria.c__Gammaproteobacteria.o__Burkholderiales.f__Rhodocyclaceae",0,0,NA,0,0,1,0.113
"d__Bacteria.k__.p__Desulfobacterota.c__Syntrophobacteria.o__Syntrophobacterales.f__uncultured",0,0,NA,0,0,1,0.291
"d__Bacteria.k__.p__Proteobacteria.c__Alphaproteobacteria.o__Acetobacterales.f__Acetobacteraceae",0,0,NA,0,0,1,0.124
"d__Bacteria.k__.p__Myxococcota.c__Polyangia.o__Polyangiales.f__Polyangiaceae",0,0,NA,0,0,1,0.137
"d__Bacteria.k__.p__Bacteroidota.c__Rhodothermia.o__Balneolales.f__Balneolaceae",0,0,NA,0,0,1,0.001
"d__Bacteria.k__.p__Acidobacteriota.c__Vicinamibacteria.o__Vicinamibacterales.f__uncultured",0,0,NA,0,0,1,0.226
"d__Bacteria.k__.p__Proteobacteria.c__Alphaproteobacteria.o__Rhodospirillales.f__Thalassospiraceae",0,0,NA,0,0,1,0.12
"d__Bacteria.k__.p__Campilobacterota.c__Campylobacteria.o__Campylobacterales.__",0,0,NA,0,0,1,0.235
"d__Bacteria.k__.p__Proteobacteria.c__Alphaproteobacteria.o__Micavibrionales.__",0,0,NA,0,0,1,0.112
"d__Bacteria.k__.p__Proteobacteria.c__Gammaproteobacteria.o__Burkholderiales.f__Alcaligenaceae",0,0,NA,0,0,1,0.433
"d__Bacteria.k__.p__Proteobacteria.c__Alphaproteobacteria.o__Parvibaculales.__",0,0,NA,0,0,1,0.347
"d__Bacteria.k__.p__Campilobacterota.c__Campylobacteria.o__Campylobacterales.f__Sulfurovaceae",0,0,NA,0,0,1,0.141
"d__Bacteria.k__.p__Firmicutes.c__Clostridia.o__Oscillospirales.f__Ruminococcaceae",0,0,NA,0,0,1,0.221
"d__Bacteria.k__.p__Firmicutes.c__Clostridia.o__Christensenellales.f__Christensenellaceae",0,0,NA,0,0,1,0.112
"d__Bacteria.k__.p__Chloroflexi.__.__.__",0,0,NA,0,0,1,0.21
"d__Bacteria.k__.p__Proteobacteria.c__Gammaproteobacteria.o__MBAE14.f__",0,0,NA,0,0,1,0.308
"d__Bacteria.k__.p__Fibrobacterota.c__Fibrobacteria.o__Fibrobacterales.f__Fibrobacteraceae",0,0,NA,0,0,1,0.499
"d__Bacteria.k__.p__Proteobacteria.c__Gammaproteobacteria.o__EC3.f__",0,0,NA,0,0,1,0.126
"d__Bacteria.k__.p__WS2.c__.o__.f__",0,0,NA,0,0,1,0.124
"d__Bacteria.k__.p__Firmicutes.c__Clostridia.o__Peptostreptococcales.Tissierellales.f__Anaerovoracaceae",0,0,NA,0,0,1,0.218
"d__Bacteria.k__.p__Patescibacteria.c__Parcubacteria.o__Candidatus_Kaiserbacteria.f__",0,0,NA,0,0,1,0.324
"d__Bacteria.k__.p__Myxococcota.c__Polyangia.o__Polyangiales.f__Eel.36e1D6",0,0,NA,0,0,1,0.108
"d__Bacteria.k__.p__Planctomycetota.c__Pla4_lineage.o__.f__",0,0,NA,0,0,1,0.441
"d__Bacteria.k__.p__Bacteroidota.c__Bacteroidia.o__Chitinophagales.f__37.13",0,0,NA,0,0,1,0.224
"d__Bacteria.k__.p__Actinobacteriota.c__Acidimicrobiia.o__IMCC26256.f__",0,0,NA,0,0,1,0.218
"d__Bacteria.k__.p__Desulfobacterota.c__Desulfobacteria.o__Desulfobacterales.f__Desulfobacteraceae",0,0,NA,0,0,1,0.124
"d__Bacteria.k__.p__Acidobacteriota.c__Aminicenantia.o__Aminicenantales.f__",0,0,NA,0,0,1,0.124
"d__Bacteria.k__.p__Verrucomicrobiota.c__Kiritimatiellae.o__WCHB1.41.f__",0,0,NA,0,0,1,0.218
"d__Bacteria.k__.p__Bacteroidota.c__Bacteroidia.o__Bacteroidetes_VC2.1_Bac22.f__",0,0,NA,0,0,1,0.108
"d__Bacteria.k__.p__Proteobacteria.c__Gammaproteobacteria.o__WN.HWB.116.f__",0,0,NA,0,0,1,0.119
"d__Bacteria.k__.p__Sumerlaeota.c__Sumerlaeia.o__uncultured.f__",0,0,NA,0,0,1,0.12
"d__Bacteria.k__.p__Patescibacteria.c__ABY1.o__Candidatus_Falkowbacteria.f__",0,0,NA,0,0,1,0.124
"d__Bacteria.k__.p__Bacteroidota.c__Bacteroidia.o__Bacteroidales.f__Prevotellaceae",0,0,NA,0,0,1,0.112
"d__Bacteria.k__.p__Chloroflexi.c__JG30.KF.CM66.o__.f__",0,0,NA,0,0,1,0.108
"d__Bacteria.k__.p__Planctomycetota.c__Phycisphaerae.o__S.70.f__",0,0,NA,0,0,1,0.123
"d__Bacteria.k__.p__Proteobacteria.c__Alphaproteobacteria.o__Kiloniellales.f__Fodinicurvataceae",0,0,NA,0,0,1,0.487
"d__Bacteria.k__.p__Patescibacteria.c__Parcubacteria.o__.f__",0,0,NA,0,0,1,0.137
"d__Bacteria.k__.p__Patescibacteria.c__Saccharimonadia.o__Saccharimonadales.f__Saccharimonadaceae",0,0,NA,0,0,1,0.112
"d__Bacteria.k__.p__Proteobacteria.c__Gammaproteobacteria.o__Oceanospirillales.f__Hahellaceae",0,0,NA,0,0,1,0.001
"d__Bacteria.k__.p__Acidobacteriota.c__Subgroup_21.o__.f__",0,0,NA,0,0,1,0.237
"d__Bacteria.k__.p__Actinobacteriota.c__Actinobacteria.o__Pseudonocardiales.f__Pseudonocardiaceae",0,0,NA,0,0,1,0.113
"d__Bacteria.k__.p__Proteobacteria.c__Alphaproteobacteria.o__Puniceispirillales.f__uncultured",0,0,NA,0,0,1,0.119
"d__Bacteria.k__.p__Proteobacteria.c__Gammaproteobacteria.o__JTB23.f__",0,0,NA,0,0,1,0.137
"d__Bacteria.k__.p__Firmicutes.c__Bacilli.o__Bacillales.f__Marinococcaceae",0,0,NA,0,0,1,0.001
"d__Bacteria.k__.p__Dependentiae.c__Babeliae.o__Babeliales.f__UBA12409",0,0,NA,0,0,1,0.115
"d__Bacteria.k__.p__Bacteroidota.c__Bacteroidia.o__ML602M.17.f__",0,0,NA,0,0,1,0.117
"d__Bacteria.k__.p__Verrucomicrobiota.c__Verrucomicrobiae.o__Chthoniobacterales.f__Chthoniobacteraceae",0,0,NA,0,0,1,0.132
"d__Bacteria.k__.p__Firmicutes.c__Bacilli.o__Bacillales.__",0,0,NA,0,0,1,0.123
"d__Bacteria.k__.p__Proteobacteria.c__Gammaproteobacteria.o__Burkholderiales.f__Neisseriaceae",0,0,NA,0,0,1,0.218
"d__Bacteria.k__.p__Verrucomicrobiota.c__Chlamydiae.o__Chlamydiales.f__cvE6",0,0,NA,0,0,1,0.115
"d__Bacteria.k__.p__Bdellovibrionota.c__Oligoflexia.o__0319.6G20.f__",0,0,NA,0,0,1,0.103
